{"cameraMode":{"drawMode":0,"name":"Shaded","section":"Shading Mode"},"sceneLighting":false,"audioPlay":false,"sceneViewState":{"m_AlwaysRefresh":false,"showFog":false,"showSkybox":false,"showFlares":false,"showImageEffects":false,"showParticleSystems":false,"showVisualEffectGraphs":true,"m_FxEnabled":true},"in2DMode":false,"pivot":{"x":-0.44813522696495058,"y":1.5313997268676758,"z":0.762897253036499},"rotation":{"x":-0.024635830894112588,"y":0.9753398299217224,"z":-0.15881074965000153,"w":-0.15130022168159486},"size":0.40559640526771548,"orthographic":false}