{"cameraMode":{"drawMode":0,"name":"Shaded","section":"Shading Mode"},"sceneLighting":false,"audioPlay":false,"sceneViewState":{"m_AlwaysRefresh":false,"showFog":false,"showSkybox":false,"showFlares":false,"showImageEffects":false,"showParticleSystems":false,"showVisualEffectGraphs":true,"m_FxEnabled":true},"in2DMode":false,"pivot":{"x":-0.35632258653640749,"y":0.8681192398071289,"z":0.37895143032073977},"rotation":{"x":-0.017961278557777406,"y":0.9808477163314819,"z":-0.11052462458610535,"w":-0.15939471125602723},"size":0.7829040288925171,"orthographic":false}