{"cameraMode":{"drawMode":0,"name":"Shaded","section":"Shading Mode"},"sceneLighting":false,"audioPlay":false,"sceneViewState":{"m_AlwaysRefresh":false,"showFog":false,"showSkybox":false,"showFlares":false,"showImageEffects":false,"showParticleSystems":false,"showVisualEffectGraphs":true,"m_FxEnabled":true},"in2DMode":false,"pivot":{"x":0.0593947172164917,"y":0.7477084994316101,"z":-0.5920395851135254},"rotation":{"x":0.007808387745171785,"y":0.9909538626670837,"z":-0.11648277193307877,"w":0.06639494001865387},"size":1.0944515466690064,"orthographic":false}