{"cameraMode":{"drawMode":0,"name":"Shaded","section":"Shading Mode"},"sceneLighting":false,"audioPlay":false,"sceneViewState":{"m_AlwaysRefresh":false,"showFog":false,"showSkybox":false,"showFlares":false,"showImageEffects":false,"showParticleSystems":false,"showVisualEffectGraphs":true,"m_FxEnabled":true},"in2DMode":false,"pivot":{"x":-0.1897297203540802,"y":1.058624505996704,"z":0.5395474433898926},"rotation":{"x":-0.002226515207439661,"y":0.994937002658844,"z":-0.09882987290620804,"w":-0.021784139797091485},"size":0.7140280604362488,"orthographic":false}