{"cameraMode":{"drawMode":0,"name":"Shaded","section":"Shading Mode"},"sceneLighting":false,"audioPlay":false,"sceneViewState":{"m_AlwaysRefresh":false,"showFog":false,"showSkybox":false,"showFlares":false,"showImageEffects":false,"showParticleSystems":false,"showVisualEffectGraphs":true,"m_FxEnabled":true},"in2DMode":false,"pivot":{"x":-0.18408970534801484,"y":1.0861117839813233,"z":0.010132521390914917},"rotation":{"x":-0.002226515207439661,"y":0.994937002658844,"z":-0.09882987290620804,"w":-0.021784139797091485},"size":0.6414753198623657,"orthographic":false}